26/5/2021,17:15
26/5/2021,17:16
26/5/2021,17:16
26/5/2021,17:17
26/5/2021,17:17
26/5/2021,17:22
26/5/2021,17:23
26/5/2021,17:24
26/5/2021,17:25
26/5/2021,17:25
26/5/2021,17:26
26/5/2021,17:27
26/5/2021,17:29
26/5/2021,17:30
26/5/2021,17:31
26/5/2021,17:35
26/5/2021,17:37
26/5/2021,17:38
26/5/2021,17:42
26/5/2021,17:45
26/5/2021,17:47
26/5/2021,17:47
26/5/2021,17:54
26/5/2021,17:56
26/5/2021,17:56
26/5/2021,18:2
26/5/2021,18:5
26/5/2021,18:5
26/5/2021,18:5
26/5/2021,18:7
26/5/2021,18:9
26/5/2021,18:9
26/5/2021,18:11
26/5/2021,18:12
26/5/2021,18:16
26/5/2021,18:16
26/5/2021,18:17
26/5/2021,18:17
26/5/2021,18:18
26/5/2021,18:18
26/5/2021,18:19
26/5/2021,18:19
26/5/2021,18:20
26/5/2021,18:21
26/5/2021,18:22
26/5/2021,18:26
26/5/2021,18:26
26/5/2021,18:27
26/5/2021,18:27
26/5/2021,18:27
26/5/2021,18:27
26/5/2021,18:27
26/5/2021,18:28
26/5/2021,18:29
26/5/2021,18:29
26/5/2021,18:29
26/5/2021,18:30
26/5/2021,18:31
26/5/2021,18:32
26/5/2021,18:32
26/5/2021,18:36
26/5/2021,18:36
26/5/2021,18:36
26/5/2021,18:37
26/5/2021,18:37
26/5/2021,18:44
26/5/2021,18:45
26/5/2021,18:45
26/5/2021,18:46
26/5/2021,18:49
26/5/2021,18:49
26/5/2021,18:50
26/5/2021,18:50
26/5/2021,18:50
26/5/2021,18:51
26/5/2021,18:51
26/5/2021,18:51
26/5/2021,18:51
26/5/2021,18:52
26/5/2021,18:52
26/5/2021,18:52
26/5/2021,18:53
26/5/2021,18:54
26/5/2021,18:54
26/5/2021,18:59
26/5/2021,19:2
26/5/2021,19:2
26/5/2021,19:2
26/5/2021,19:2
26/5/2021,19:3
26/5/2021,19:3
26/5/2021,19:3
26/5/2021,19:3
26/5/2021,19:3
26/5/2021,19:3
26/5/2021,19:4
26/5/2021,19:8
26/5/2021,19:9
26/5/2021,19:10
26/5/2021,19:10
26/5/2021,19:10
26/5/2021,19:10
26/5/2021,19:10
26/5/2021,19:11
26/5/2021,19:12
26/5/2021,19:13
26/5/2021,19:13
26/5/2021,19:13
26/5/2021,19:13
26/5/2021,19:13
26/5/2021,19:14
26/5/2021,19:15
26/5/2021,19:15
26/5/2021,19:15
26/5/2021,19:16
26/5/2021,19:16
26/5/2021,19:16
26/5/2021,19:17
26/5/2021,19:18
26/5/2021,19:19
26/5/2021,19:20
26/5/2021,19:20
26/5/2021,19:20
26/5/2021,19:20
26/5/2021,19:21
26/5/2021,19:21
26/5/2021,19:22
26/5/2021,19:23
26/5/2021,19:23
26/5/2021,19:25
26/5/2021,19:25
26/5/2021,19:28
26/5/2021,19:30
26/5/2021,19:30
26/5/2021,19:30
26/5/2021,19:30
26/5/2021,19:30
26/5/2021,19:30
26/5/2021,19:30
26/5/2021,19:34
26/5/2021,19:34
26/5/2021,19:34
26/5/2021,19:35
26/5/2021,19:36
26/5/2021,19:37
26/5/2021,19:37
26/5/2021,19:37
26/5/2021,19:38
26/5/2021,19:39
26/5/2021,19:39
26/5/2021,19:39
26/5/2021,19:39
26/5/2021,19:40
26/5/2021,19:40
26/5/2021,19:40
26/5/2021,19:40
26/5/2021,19:43
26/5/2021,19:43
26/5/2021,19:44
26/5/2021,19:44
26/5/2021,19:47
26/5/2021,19:47
26/5/2021,19:48
26/5/2021,19:48
26/5/2021,19:49
26/5/2021,19:49
26/5/2021,19:50
26/5/2021,19:50
26/5/2021,19:52
26/5/2021,19:52
26/5/2021,19:52
26/5/2021,19:52
26/5/2021,19:54
26/5/2021,19:54
26/5/2021,19:54
26/5/2021,19:54
26/5/2021,19:55
26/5/2021,19:55
26/5/2021,19:55
26/5/2021,19:56
26/5/2021,19:56
26/5/2021,19:56
26/5/2021,19:58
26/5/2021,20:0
26/5/2021,20:1
26/5/2021,20:5
26/5/2021,20:5
26/5/2021,20:6
26/5/2021,20:7
26/5/2021,20:7
26/5/2021,20:10
26/5/2021,20:10
26/5/2021,20:10
26/5/2021,20:10
26/5/2021,20:10
26/5/2021,20:10
26/5/2021,20:11
26/5/2021,20:11
26/5/2021,20:11
26/5/2021,20:11
26/5/2021,20:15
26/5/2021,20:17
26/5/2021,20:17
26/5/2021,20:18
26/5/2021,20:18
26/5/2021,20:19
26/5/2021,20:22
26/5/2021,20:25
26/5/2021,20:25
26/5/2021,20:25
26/5/2021,20:25
26/5/2021,20:26
26/5/2021,20:28
26/5/2021,20:28
26/5/2021,20:28
26/5/2021,20:28
26/5/2021,20:28
26/5/2021,20:28
26/5/2021,20:28
26/5/2021,20:28
26/5/2021,20:31
26/5/2021,20:31
26/5/2021,20:31
26/5/2021,20:31
26/5/2021,20:32
26/5/2021,20:32
26/5/2021,20:33
26/5/2021,20:34
26/5/2021,20:34
26/5/2021,20:40
26/5/2021,20:40
26/5/2021,20:40
26/5/2021,20:40
26/5/2021,20:40
26/5/2021,20:40
26/5/2021,20:40
26/5/2021,20:40
26/5/2021,20:41
26/5/2021,20:41
26/5/2021,20:41
26/5/2021,20:41
26/5/2021,20:41
26/5/2021,20:42
26/5/2021,20:42
26/5/2021,20:43
26/5/2021,20:45
26/5/2021,20:45
26/5/2021,20:45
26/5/2021,20:45
26/5/2021,20:50
26/5/2021,20:50
26/5/2021,20:50
26/5/2021,20:50
26/5/2021,20:50
26/5/2021,20:51
26/5/2021,20:51
26/5/2021,20:54
26/5/2021,20:55
26/5/2021,20:55
26/5/2021,20:55
26/5/2021,20:56
26/5/2021,20:56
26/5/2021,20:58
26/5/2021,20:58
26/5/2021,20:58
26/5/2021,21:0
26/5/2021,21:0
26/5/2021,21:0
26/5/2021,21:1
26/5/2021,21:1
26/5/2021,21:2
26/5/2021,21:3
26/5/2021,21:4
26/5/2021,21:5
26/5/2021,21:6
26/5/2021,21:6
26/5/2021,21:6
26/5/2021,21:6
26/5/2021,21:6
26/5/2021,21:6
26/5/2021,21:7
26/5/2021,21:7
26/5/2021,21:7
26/5/2021,21:7
26/5/2021,21:10
26/5/2021,21:10
26/5/2021,21:10
26/5/2021,21:14
26/5/2021,21:14
26/5/2021,21:14
26/5/2021,21:14
26/5/2021,21:17
26/5/2021,21:17
26/5/2021,21:17
26/5/2021,21:19
26/5/2021,21:19
26/5/2021,21:21
26/5/2021,21:22
26/5/2021,21:22
26/5/2021,21:22
26/5/2021,21:22
26/5/2021,21:23
26/5/2021,21:24
26/5/2021,21:24
26/5/2021,21:25
26/5/2021,21:25
26/5/2021,21:25
26/5/2021,21:26
26/5/2021,21:26
26/5/2021,21:27
26/5/2021,21:27
26/5/2021,21:27
26/5/2021,21:29
26/5/2021,21:29
26/5/2021,21:30
26/5/2021,21:30
26/5/2021,21:39
26/5/2021,21:44
26/5/2021,21:44
26/5/2021,21:44
26/5/2021,21:49
26/5/2021,21:50
26/5/2021,21:50
26/5/2021,21:53
26/5/2021,21:53
26/5/2021,21:56
26/5/2021,21:58
26/5/2021,22:0
26/5/2021,22:4
26/5/2021,22:5
26/5/2021,22:7
26/5/2021,22:10
26/5/2021,22:12
26/5/2021,22:20
26/5/2021,22:20
26/5/2021,22:21
26/5/2021,22:21
26/5/2021,22:29
26/5/2021,22:29
26/5/2021,22:29
26/5/2021,22:30
26/5/2021,22:30
26/5/2021,22:30
26/5/2021,22:31
26/5/2021,22:32
26/5/2021,22:32
26/5/2021,22:33
26/5/2021,22:34
26/5/2021,22:34
26/5/2021,22:35
26/5/2021,22:37
26/5/2021,22:38
26/5/2021,22:38
26/5/2021,22:40
26/5/2021,22:40
26/5/2021,22:40
26/5/2021,22:40
26/5/2021,22:41
26/5/2021,22:41
26/5/2021,22:41
26/5/2021,22:41
26/5/2021,22:41
26/5/2021,22:41
26/5/2021,22:41
26/5/2021,22:42
26/5/2021,22:42
26/5/2021,22:42
26/5/2021,22:43
26/5/2021,22:44
26/5/2021,22:44
26/5/2021,22:46
26/5/2021,22:47
26/5/2021,22:47
26/5/2021,22:47
26/5/2021,22:47
26/5/2021,22:49
26/5/2021,22:49
26/5/2021,22:50
26/5/2021,22:50
26/5/2021,22:52
26/5/2021,22:56
26/5/2021,22:57
26/5/2021,22:57
26/5/2021,23:6
26/5/2021,23:6
26/5/2021,23:7
26/5/2021,23:7